{
  "schema_version": 1,
  "computed_at": "2026-05-04T18:22:26Z",
  "qrel_path": "tests/fixtures/r3_qrels_real_v1.json",
  "top_k": 5,
  "use_reformulated_query": true,
  "negative_cohort": "corpus_gap_probe",
  "positive_cohort": "paraphrase_human",
  "negative_scores": [
    5.8341036492493004e-05,
    1.750326009641867e-05,
    0.000582527369260788,
    0.00038901061634533107,
    0.00022728834301233292,
    0.00019210399477742612,
    4.548466677078977e-05,
    0.0002593777608126402,
    0.000798138789832592,
    0.00013115354522597045,
    0.0021957471035420895,
    0.0033561650197952986,
    1.6404810594394803e-05,
    0.014789526350796223,
    0.19492673873901367,
    7.510324940085411e-05,
    5.059219620306976e-05,
    0.05391304939985275,
    0.000327989284414798,
    0.0032720258459448814
  ],
  "positive_scores": [
    0.9913764595985413,
    0.10012786835432053,
    0.9980334639549255,
    0.9619643092155457,
    0.9977139234542847,
    0.9979695677757263,
    0.8937332630157471,
    0.92357337474823,
    0.49653521180152893,
    0.10461681336164474,
    0.9642625451087952,
    0.989108681678772,
    0.9921866655349731,
    0.321356862783432,
    0.9905219078063965,
    0.9056414365768433,
    0.35309091210365295,
    0.9727688431739807,
    0.9628241062164307,
    0.994686484336853,
    0.8484693169593811,
    0.9975447058677673,
    0.9474844932556152,
    0.494058758020401,
    0.9731786251068115,
    0.9968915581703186,
    0.7995366454124451,
    0.9776532649993896,
    0.605421245098114,
    0.9988252520561218,
    0.9852933287620544,
    0.8053410649299622,
    0.9670398235321045,
    0.9658832550048828,
    0.9954767823219299,
    0.9125418066978455,
    0.11921440064907074,
    0.9397111535072327,
    0.9651780724525452,
    0.9972854852676392,
    0.8820270895957947,
    0.9969159364700317,
    0.9278364181518555,
    0.9384301900863647,
    0.892020046710968,
    0.992638111114502,
    0.928178071975708,
    0.9555391073226929,
    0.820357620716095,
    0.21809349954128265
  ],
  "negative_summary": {
    "n": 20,
    "min": 1.6404810594394803e-05,
    "p5": 1.750326009641867e-05,
    "p10": 4.548466677078977e-05,
    "p50": 0.000327989284414798,
    "p90": 0.014789526350796223,
    "p95": 0.05391304939985275,
    "max": 0.19492673873901367
  },
  "positive_summary": {
    "n": 50,
    "min": 0.10012786835432053,
    "p5": 0.11921440064907074,
    "p10": 0.35309091210365295,
    "p50": 0.9555391073226929,
    "p90": 0.9972854852676392,
    "p95": 0.9979695677757263,
    "max": 0.9988252520561218
  },
  "f1_optimal_threshold": 0.10012786835432053,
  "f1_at_optimal": 0.9743589743589743,
  "recommended_threshold": 0.1,
  "report": "Set WOOWA_RAG_REFUSAL_THRESHOLD=0.1 to enable Phase 9.3 refusal sentinel. F1-optimal raw value was 0.1001; recommendation rounds down to nearest 0.05 for safety margin."
}
