{
  "created_at": "2026-05-01T04:45:02Z",
  "feature": "Lance Korean query-side search_terms FTS candidate",
  "code_flag": {
    "env": "WOOWA_KOREAN_FTS_TERMS_WEIGHT",
    "default_weight": 0.0,
    "reason": "Opt-in only; direct same-code measurement showed no ranking lift."
  },
  "fixture": "tests/fixtures/cs_rag_golden_queries_ko_rewritten_applied.json",
  "split": {
    "name": "holdout",
    "seed": 20240202,
    "queries": 101
  },
  "index_root": "/private/tmp/rag_ivf_sweep_20260501T0401/current",
  "modalities": [
    "fts",
    "dense",
    "sparse"
  ],
  "baseline": {
    "report_path": "reports/rag_eval/r2_korean_terms_w00_holdout_20260501T0450Z.json",
    "primary_ndcg_macro": 0.9102958203915194,
    "primary_ndcg_micro": 0.8766485304464537,
    "category_primary_ndcg": {
      "system-design": 0.9077324383928644,
      "spring": 0.8815464876785729,
      "database": 0.6652855626444197,
      "network": 1.0,
      "operating-system": 1.0,
      "software-engineering": 0.75,
      "security": 1.0,
      "data-structure": 1.0,
      "design-pattern": 0.8983937151993362,
      "language": 1.0
    },
    "language_primary_ndcg": {
      "mixed": 0.902209268112247,
      "en": 0.787461929837326,
      "ko": 0.8571428571428571
    },
    "latency_p95_warm_ms": 692.635874991538,
    "hard_regression_failures": 13
  },
  "experiments": {
    "weight_0_3": {
      "report_path": "reports/rag_eval/r2_korean_terms_w03_holdout_20260501T0450Z.json",
      "primary_ndcg_macro": 0.9102958203915194,
      "primary_ndcg_micro": 0.8766485304464537,
      "category_primary_ndcg": {
        "system-design": 0.9077324383928644,
        "spring": 0.8815464876785729,
        "database": 0.6652855626444197,
        "network": 1.0,
        "operating-system": 1.0,
        "software-engineering": 0.75,
        "security": 1.0,
        "data-structure": 1.0,
        "design-pattern": 0.8983937151993362,
        "language": 1.0
      },
      "language_primary_ndcg": {
        "mixed": 0.902209268112247,
        "en": 0.787461929837326,
        "ko": 0.8571428571428571
      },
      "latency_p95_warm_ms": 810.0460409914376,
      "hard_regression_failures": 13
    },
    "weight_0_7": {
      "report_path": "reports/rag_eval/r2_korean_terms_holdout_20260501T0450Z.json",
      "primary_ndcg_macro": 0.9102958203915194,
      "primary_ndcg_micro": 0.8766485304464537,
      "category_primary_ndcg": {
        "system-design": 0.9077324383928644,
        "spring": 0.8815464876785729,
        "database": 0.6652855626444197,
        "network": 1.0,
        "operating-system": 1.0,
        "software-engineering": 0.75,
        "security": 1.0,
        "data-structure": 1.0,
        "design-pattern": 0.8983937151993362,
        "language": 1.0
      },
      "language_primary_ndcg": {
        "mixed": 0.902209268112247,
        "en": 0.787461929837326,
        "ko": 0.8571428571428571
      },
      "latency_p95_warm_ms": 759.0401249908609,
      "hard_regression_failures": 13
    }
  },
  "delta_vs_baseline": {
    "weight_0_3": {
      "primary_ndcg_macro": 0.0,
      "primary_ndcg_micro": 0.0,
      "language_primary_ndcg": {
        "en": 0.0,
        "ko": 0.0,
        "mixed": 0.0
      },
      "category_primary_ndcg": {
        "data-structure": 0.0,
        "database": 0.0,
        "design-pattern": 0.0,
        "language": 0.0,
        "network": 0.0,
        "operating-system": 0.0,
        "security": 0.0,
        "software-engineering": 0.0,
        "spring": 0.0,
        "system-design": 0.0
      },
      "latency_p95_warm_ms": 117.41016599989962,
      "hard_regression_failures": 0,
      "bucket_regressions_below_minus_0_01": {
        "category": {},
        "language": {}
      }
    },
    "weight_0_7": {
      "primary_ndcg_macro": 0.0,
      "primary_ndcg_micro": 0.0,
      "language_primary_ndcg": {
        "en": 0.0,
        "ko": 0.0,
        "mixed": 0.0
      },
      "category_primary_ndcg": {
        "data-structure": 0.0,
        "database": 0.0,
        "design-pattern": 0.0,
        "language": 0.0,
        "network": 0.0,
        "operating-system": 0.0,
        "security": 0.0,
        "software-engineering": 0.0,
        "spring": 0.0,
        "system-design": 0.0
      },
      "latency_p95_warm_ms": 66.40424999932293,
      "hard_regression_failures": 0,
      "bucket_regressions_below_minus_0_01": {
        "category": {},
        "language": {}
      }
    }
  },
  "phase2_report_note": {
    "path": "reports/rag_eval/r2_ivf_sweep_20260501T0401.json#variants.current_256_64",
    "reason_not_used_as_feature_delta": "A same-code weight=0 rerun is the valid baseline for this feature. Phase 2 values are retained as historical IVF evidence, not as the direct A/B baseline for query-side search_terms."
  },
  "decision": {
    "accepted_for_default": false,
    "reason": "Weights 0.3 and 0.7 produced the same quality metrics as the same-code weight=0 baseline; only latency varied within local noise.",
    "best_observed_ko_delta": 0.0,
    "best_observed_macro_delta": 0.0
  }
}
